participant,condition,alpha1,alpha2,lmbd,beta1,beta2,p,w_mean,w_std
1,story,0.00960303,0.862621,1.0,7.93255,1.9972,0.0430898,0.4725259153478262,0.3523236896092159
5,abstract,0.162921,0.495083,0.419064,6.06597,2.99982,0.15171,0.5734306895833333,0.3236493476899535
