participant,condition,alpha1,alpha2,lmbd,beta1,beta2,p,w_mean,w_std
1,story,0.0117954,0.841689,0.79269,8.72079,2.03577,0,0.4652567877273912,0.34558927951445384
5,abstract,0.165608,0.45782,0.449007,8.32262,3.12165,0,0.5318536244895833,0.32128833453779665
