participant,condition,alpha1,alpha2,lmbd,beta1,beta2,p,w_mean,w_std,logli
1,story,0.00745679,0.861964,0.905118,8.8729,1.99682,0.0387176,0.4253497141304347,0.329818675775772,-7482.29
5,abstract,0.153601,0.494343,0.451931,5.99737,3.00747,0.154123,0.5881533222916667,0.33889996700757585,-7160.45
